
{
  "header": {
    "reportVersion": 1,
    "event": "Allocation failed - JavaScript heap out of memory",
    "trigger": "FatalError",
    "filename": "report.20200711.104712.22928.0.001.json",
    "dumpEventTime": "2020-07-11T10:47:12Z",
    "dumpEventTimeStamp": "1594482432737",
    "processId": 22928,
    "cwd": "E:\\Proyectos\\MitoCode Network\\Spring Angular 2020 - III\\frontend\\mediapp-frontend",
    "commandLine": [
      "C:\\Program Files\\nodejs\\node.exe",
      "E:\\Proyectos\\MitoCode Network\\Spring Angular 2020 - III\\frontend\\mediapp-frontend\\node_modules\\@ngtools\\webpack\\src\\type_checker_worker.js",
      "9d93e901-158a-4cf9-ba1b-2f0582ffcfeb"
    ],
    "nodejsVersion": "v12.13.1",
    "wordSize": 64,
    "arch": "x64",
    "platform": "win32",
    "componentVersions": {
      "node": "12.13.1",
      "v8": "7.7.299.13-node.16",
      "uv": "1.33.1",
      "zlib": "1.2.11",
      "brotli": "1.0.7",
      "ares": "1.15.0",
      "modules": "72",
      "nghttp2": "1.39.2",
      "napi": "5",
      "llhttp": "1.1.4",
      "http_parser": "2.8.0",
      "openssl": "1.1.1d",
      "cldr": "35.1",
      "icu": "64.2",
      "tz": "2019c",
      "unicode": "12.1"
    },
    "release": {
      "name": "node",
      "lts": "Erbium",
      "headersUrl": "https://nodejs.org/download/release/v12.13.1/node-v12.13.1-headers.tar.gz",
      "sourceUrl": "https://nodejs.org/download/release/v12.13.1/node-v12.13.1.tar.gz",
      "libUrl": "https://nodejs.org/download/release/v12.13.1/win-x64/node.lib"
    },
    "osName": "Windows_NT",
    "osRelease": "10.0.19041",
    "osVersion": "Windows 10 Home",
    "osMachine": "x86_64",
    "cpus": [
      {
        "model": "Intel(R) Core(TM) i7-6700HQ CPU @ 2.60GHz",
        "speed": 2592,
        "user": 161903203,
        "nice": 0,
        "sys": 86957734,
        "idle": 1098159359,
        "irq": 15119687
      },
      {
        "model": "Intel(R) Core(TM) i7-6700HQ CPU @ 2.60GHz",
        "speed": 2592,
        "user": 112204375,
        "nice": 0,
        "sys": 46087156,
        "idle": 1188728484,
        "irq": 1582640
      },
      {
        "model": "Intel(R) Core(TM) i7-6700HQ CPU @ 2.60GHz",
        "speed": 2592,
        "user": 176735843,
        "nice": 0,
        "sys": 56878031,
        "idle": 1113406140,
        "irq": 971125
      },
      {
        "model": "Intel(R) Core(TM) i7-6700HQ CPU @ 2.60GHz",
        "speed": 2592,
        "user": 132985546,
        "nice": 0,
        "sys": 41475078,
        "idle": 1172559390,
        "irq": 722515
      },
      {
        "model": "Intel(R) Core(TM) i7-6700HQ CPU @ 2.60GHz",
        "speed": 2592,
        "user": 161420906,
        "nice": 0,
        "sys": 54281296,
        "idle": 1131317812,
        "irq": 943281
      },
      {
        "model": "Intel(R) Core(TM) i7-6700HQ CPU @ 2.60GHz",
        "speed": 2592,
        "user": 115984390,
        "nice": 0,
        "sys": 33559437,
        "idle": 1197476156,
        "irq": 643984
      },
      {
        "model": "Intel(R) Core(TM) i7-6700HQ CPU @ 2.60GHz",
        "speed": 2592,
        "user": 139071593,
        "nice": 0,
        "sys": 43055343,
        "idle": 1164893046,
        "irq": 774796
      },
      {
        "model": "Intel(R) Core(TM) i7-6700HQ CPU @ 2.60GHz",
        "speed": 2592,
        "user": 157408390,
        "nice": 0,
        "sys": 64105671,
        "idle": 1125505921,
        "irq": 501453
      }
    ],
    "networkInterfaces": [
      {
        "name": "VirtualBox Host-Only Network #7",
        "internal": false,
        "mac": "0a:00:27:00:00:3d",
        "address": "fe80::b922:1921:f86c:2d9",
        "netmask": "ffff:ffff:ffff:ffff::",
        "family": "IPv6",
        "scopeid": 61
      },
      {
        "name": "VirtualBox Host-Only Network #7",
        "internal": false,
        "mac": "0a:00:27:00:00:3d",
        "address": "192.168.99.1",
        "netmask": "255.255.255.0",
        "family": "IPv4"
      },
      {
        "name": "Wi-Fi 3",
        "internal": false,
        "mac": "e4:b3:18:c6:88:ec",
        "address": "fe80::b581:baa:a3b:d451",
        "netmask": "ffff:ffff:ffff:ffff::",
        "family": "IPv6",
        "scopeid": 4
      },
      {
        "name": "Wi-Fi 3",
        "internal": false,
        "mac": "e4:b3:18:c6:88:ec",
        "address": "192.168.1.38",
        "netmask": "255.255.255.0",
        "family": "IPv4"
      },
      {
        "name": "Loopback Pseudo-Interface 1",
        "internal": true,
        "mac": "00:00:00:00:00:00",
        "address": "::1",
        "netmask": "ffff:ffff:ffff:ffff:ffff:ffff:ffff:ffff",
        "family": "IPv6",
        "scopeid": 0
      },
      {
        "name": "Loopback Pseudo-Interface 1",
        "internal": true,
        "mac": "00:00:00:00:00:00",
        "address": "127.0.0.1",
        "netmask": "255.0.0.0",
        "family": "IPv4"
      }
    ],
    "host": "mito-pc"
  },
  "javascriptStack": {
    "message": "No stack.",
    "stack": [
      "Unavailable."
    ]
  },
  "nativeStack": [
    {
      "pc": "0x00007ff6c2ee1729",
      "symbol": "std::basic_ostream<char,std::char_traits<char> >::operator<<+10873"
    },
    {
      "pc": "0x00007ff6c2ee5b4c",
      "symbol": "std::basic_ostream<char,std::char_traits<char> >::operator<<+28316"
    },
    {
      "pc": "0x00007ff6c2ee4b08",
      "symbol": "std::basic_ostream<char,std::char_traits<char> >::operator<<+24152"
    },
    {
      "pc": "0x00007ff6c2fd369b",
      "symbol": "v8::base::CPU::has_sse+37723"
    },
    {
      "pc": "0x00007ff6c37d82de",
      "symbol": "v8::Isolate::ReportExternalAllocationLimitReached+94"
    },
    {
      "pc": "0x00007ff6c37c0321",
      "symbol": "v8::SharedArrayBuffer::Externalize+833"
    },
    {
      "pc": "0x00007ff6c368dbec",
      "symbol": "v8::internal::Heap::EphemeronKeyWriteBarrierFromCode+1436"
    },
    {
      "pc": "0x00007ff6c3698f90",
      "symbol": "v8::internal::Heap::ProtectUnprotectedMemoryChunks+1312"
    },
    {
      "pc": "0x00007ff6c3695ac4",
      "symbol": "v8::internal::Heap::PageFlagsAreConsistent+3204"
    },
    {
      "pc": "0x00007ff6c368b353",
      "symbol": "v8::internal::Heap::CollectGarbage+1283"
    },
    {
      "pc": "0x00007ff6c3689b24",
      "symbol": "v8::internal::Heap::AddRetainedMap+2356"
    },
    {
      "pc": "0x00007ff6c36aadf5",
      "symbol": "v8::internal::Factory::NewFillerObject+53"
    },
    {
      "pc": "0x00007ff6c3416e19",
      "symbol": "v8::internal::interpreter::JumpTableTargetOffsets::iterator::operator=+4057"
    },
    {
      "pc": "0x00007ff6c3c0404d",
      "symbol": "v8::internal::SetupIsolateDelegate::SetupHeap+567949"
    },
    {
      "pc": "0x00007ff6c3ba86ca",
      "symbol": "v8::internal::SetupIsolateDelegate::SetupHeap+192778"
    },
    {
      "pc": "0x0000031e04a1d2d9",
      "symbol": ""
    }
  ],
  "javascriptHeap": {
    "totalMemory": 2154455040,
    "totalCommittedMemory": 2154455040,
    "usedMemory": 2099039320,
    "availableMemory": 49114120,
    "memoryLimit": 2197815296,
    "heapSpaces": {
      "read_only_space": {
        "memorySize": 262144,
        "committedMemory": 262144,
        "capacity": 261872,
        "used": 32296,
        "available": 229576
      },
      "new_space": {
        "memorySize": 4194304,
        "committedMemory": 4194304,
        "capacity": 2094976,
        "used": 172856,
        "available": 1922120
      },
      "old_space": {
        "memorySize": 1981132800,
        "committedMemory": 1981132800,
        "capacity": 1941275536,
        "used": 1939768344,
        "available": 1507192
      },
      "code_space": {
        "memorySize": 5668864,
        "committedMemory": 5668864,
        "capacity": 4865312,
        "used": 4865312,
        "available": 0
      },
      "map_space": {
        "memorySize": 9441280,
        "committedMemory": 9441280,
        "capacity": 1051360,
        "used": 1051360,
        "available": 0
      },
      "large_object_space": {
        "memorySize": 153706496,
        "committedMemory": 153706496,
        "capacity": 153145600,
        "used": 153145600,
        "available": 0
      },
      "code_large_object_space": {
        "memorySize": 49152,
        "committedMemory": 49152,
        "capacity": 3552,
        "used": 3552,
        "available": 0
      },
      "new_large_object_space": {
        "memorySize": 0,
        "committedMemory": 0,
        "capacity": 2094976,
        "used": 0,
        "available": 2094976
      }
    }
  },
  "resourceUsage": {
    "userCpuSeconds": 430.75,
    "kernelCpuSeconds": 18.078,
    "cpuConsumptionPercent": 5.79806,
    "maxRss": 2221273088,
    "pageFaults": {
      "IORequired": 1439812,
      "IONotRequired": 0
    },
    "fsActivity": {
      "reads": 13683,
      "writes": 48
    }
  },
  "libuv": [
  ],
  "environmentVariables": {
    "=C:": "C:\\",
    "ALLUSERSPROFILE": "C:\\ProgramData",
    "APPDATA": "C:\\Users\\mitocode\\AppData\\Roaming",
    "BROWSERSLIST_IGNORE_OLD_DATA": "1",
    "COLORTERM": "truecolor",
    "COMMONPROGRAMFILES": "C:\\Program Files\\Common Files",
    "CommonProgramFiles(x86)": "C:\\Program Files (x86)\\Common Files",
    "CommonProgramW6432": "C:\\Program Files\\Common Files",
    "COMPOSE_CONVERT_WINDOWS_PATHS": "true",
    "COMPUTERNAME": "MITO-PC",
    "COMSPEC": "C:\\WINDOWS\\system32\\cmd.exe",
    "configsetroot": "C:\\WINDOWS\\ConfigSetRoot",
    "C_EM64T_REDIST11": "C:\\Program Files (x86)\\Common Files\\Intel\\Shared Files\\cpp\\",
    "DOCKER_CERT_PATH": "C:\\Users\\mitocode\\.docker\\machine\\machines\\default",
    "DOCKER_HOST": "tcp://192.168.99.100:2376",
    "DOCKER_MACHINE_NAME": "default",
    "DOCKER_TLS_VERIFY": "1",
    "DOCKER_TOOLBOX_INSTALL_PATH": "C:\\Program Files\\Docker Toolbox",
    "DriverData": "C:\\Windows\\System32\\Drivers\\DriverData",
    "easyplussdk": "\"C:\\Program Files (x86)\\Common Files\\lenovo\\easyplussdk\\bin\"",
    "EXEPATH": "C:\\Program Files\\Git\\bin",
    "GIT_ASKPASS": "c:\\Program Files\\Microsoft VS Code\\resources\\app\\extensions\\git\\dist\\askpass.sh",
    "HOME": "C:\\Users\\mitocode",
    "HOMEDRIVE": "C:",
    "HOMEPATH": "\\Users\\mitocode",
    "JAVA_HOME": "C:\\Program Files\\Amazon Corretto\\jdk11.0.5_10",
    "LANG": "es_ES.UTF-8",
    "LOCALAPPDATA": "C:\\Users\\mitocode\\AppData\\Local",
    "LOGONSERVER": "\\\\MITO-PC",
    "M2_HOME": "C:\\Maven\\apache-maven-3.6.0\\",
    "MAVEN_HOME": "C:\\Maven\\apache-maven-3.6.0\\",
    "MOZ_PLUGIN_PATH": "C:\\PROGRAM FILES (X86)\\FOXIT SOFTWARE\\FOXIT READER\\plugins\\",
    "MSYSTEM": "MINGW64",
    "NO_PROXY": "192.168.99.100",
    "NUMBER_OF_PROCESSORS": "8",
    "OneDrive": "C:\\Users\\mitocode\\OneDrive",
    "ORIGINAL_XDG_CURRENT_DESKTOP": "undefined",
    "OS": "Windows_NT",
    "PATH": "C:\\Program Files\\Git\\mingw64\\bin;C:\\Program Files\\Git\\usr\\bin;C:\\Users\\mitocode\\bin;C:\\Program Files\\AdoptOpenJDK\\jdk-11.0.5.10-hotspot\\bin;C:\\Program Files\\Java\\jdk1.8.0_151\\bin;C:\\Program Files\\Amazon Corretto\\jdk11.0.5_10\\bin;C:\\Program Files\\Amazon Corretto\\jdk11.0.5_10\\bin;C:\\Program Files (x86)\\Common Files\\Oracle\\Java\\javapath;C:\\Program Files (x86)\\Intel\\Intel(R) Management Engine Components\\iCLS;C:\\Program Files\\Intel\\Intel(R) Management Engine Components\\iCLS;C:\\Program Files (x86)\\Common Files\\Intel\\Shared Files\\cpp\\bin\\Intel64;C:\\Windows\\system32;C:\\Windows;C:\\Windows\\System32\\Wbem;C:\\Windows\\System32\\WindowsPowerShell\\v1.0;C:\\Program Files (x86)\\Common Files\\lenovo\\easyplussdk\\bin;C:\\Program Files (x86)\\NVIDIA Corporation\\PhysX\\Common;C:\\Program Files\\Intel\\WiFi\\bin;C:\\Program Files\\Common Files\\Intel\\WirelessCommon;C:\\Program Files (x86)\\Skype\\Phone;C:\\WINDOWS\\system32;C:\\WINDOWS;C:\\WINDOWS\\System32\\Wbem;C:\\WINDOWS\\System32\\WindowsPowerShell\\v1.0;C:\\Maven\\apache-maven-3.6.0\\bin;C:\\Program Files\\PostgreSQL\\9.6\\bin;C:\\WINDOWS\\System32\\OpenSSH;C:\\Program Files\\Microsoft VS Code\\bin;C:\\Program Files (x86)\\Intel\\Intel(R) Management Engine Components\\DAL;C:\\Program Files\\Intel\\Intel(R) Management Engine Components\\DAL;C:\\Program Files (x86)\\Intel\\Intel(R) Management Engine Components\\IPT;C:\\Program Files\\Intel\\Intel(R) Management Engine Components\\IPT;C:\\Program Files\\NVIDIA Corporation\\NVIDIA NvDLISR;C:\\WINDOWS\\system32;C:\\WINDOWS;C:\\WINDOWS\\System32\\Wbem;C:\\WINDOWS\\System32\\WindowsPowerShell\\v1.0;C:\\WINDOWS\\System32\\OpenSSH;C:\\Program Files\\MongoDB\\Server\\4.2\\bin;C:\\Program Files\\nodejs;C:\\Program Files\\PostgreSQL\\11\\bin;E:\\Flutter_SDK\\flutter_windows_1.17.3-stable\\flutter\\bin;C:\\Program Files\\Git\\cmd;C:\\Users\\mitocode\\AppData\\Local\\Microsoft\\WindowsApps;C:\\Program Files\\Microsoft VS Code\\bin;C:\\Program Files\\Heroku\\bin;C:\\Users\\mitocode\\AppData\\Local\\Microsoft\\WindowsApps;C:\\Users\\mitocode\\AppData\\Roaming\\npm;C:\\Program Files\\Docker Toolbox",
    "PATHEXT": ".COM;.EXE;.BAT;.CMD;.VBS;.VBE;.JS;.JSE;.WSF;.WSH;.MSC",
    "PLINK_PROTOCOL": "ssh",
    "PROCESSOR_ARCHITECTURE": "AMD64",
    "PROCESSOR_IDENTIFIER": "Intel64 Family 6 Model 94 Stepping 3, GenuineIntel",
    "PROCESSOR_LEVEL": "6",
    "PROCESSOR_REVISION": "5e03",
    "PROG27B48B2C051": "1",
    "ProgramData": "C:\\ProgramData",
    "PROGRAMFILES": "C:\\Program Files",
    "ProgramFiles(x86)": "C:\\Program Files (x86)",
    "ProgramW6432": "C:\\Program Files",
    "PSModulePath": "C:\\Program Files\\WindowsPowerShell\\Modules;C:\\WINDOWS\\system32\\WindowsPowerShell\\v1.0\\Modules",
    "PUBLIC": "C:\\Users\\Public",
    "PWD": "E:/Proyectos/MitoCode Network/Spring Angular 2020 - III/frontend/mediapp-frontend",
    "SESSIONNAME": "Console",
    "SHLVL": "2",
    "SYSTEMDRIVE": "C:",
    "SYSTEMROOT": "C:\\WINDOWS",
    "TEMP": "C:\\Users\\mitocode\\AppData\\Local\\Temp",
    "TERM": "xterm-256color",
    "TERM_PROGRAM": "vscode",
    "TERM_PROGRAM_VERSION": "1.47.0",
    "TMP": "C:\\Users\\mitocode\\AppData\\Local\\Temp",
    "TVT": "C:\\Program Files (x86)\\Lenovo",
    "USERDOMAIN": "MITO-PC",
    "USERDOMAIN_ROAMINGPROFILE": "MITO-PC",
    "USERNAME": "mitocode",
    "USERPROFILE": "C:\\Users\\mitocode",
    "VBOX_MSI_INSTALL_PATH": "C:\\Program Files\\Oracle\\VirtualBox\\",
    "VSCODE_GIT_ASKPASS_MAIN": "c:\\Program Files\\Microsoft VS Code\\resources\\app\\extensions\\git\\dist\\askpass-main.js",
    "VSCODE_GIT_ASKPASS_NODE": "C:\\Program Files\\Microsoft VS Code\\Code.exe",
    "VSCODE_GIT_IPC_HANDLE": "\\\\.\\pipe\\vscode-git-50e30b8323-sock",
    "WEBPACK_DEV_SERVER": "true",
    "WINDIR": "C:\\WINDOWS",
    "_": "C:/Program Files/nodejs/node",
    "__COMPAT_LAYER": "DetectorsAppHealth"
  },
  "sharedObjects": [
    "C:\\Program Files\\nodejs\\node.exe",
    "C:\\WINDOWS\\SYSTEM32\\ntdll.dll",
    "C:\\WINDOWS\\System32\\KERNEL32.DLL",
    "C:\\WINDOWS\\System32\\KERNELBASE.dll",
    "C:\\WINDOWS\\SYSTEM32\\apphelp.dll",
    "C:\\WINDOWS\\System32\\WS2_32.dll",
    "C:\\WINDOWS\\System32\\RPCRT4.dll",
    "C:\\WINDOWS\\SYSTEM32\\dbghelp.dll",
    "C:\\WINDOWS\\System32\\ADVAPI32.dll",
    "C:\\WINDOWS\\System32\\ucrtbase.dll",
    "C:\\WINDOWS\\System32\\msvcrt.dll",
    "C:\\WINDOWS\\System32\\sechost.dll",
    "C:\\WINDOWS\\System32\\USER32.dll",
    "C:\\WINDOWS\\System32\\win32u.dll",
    "C:\\WINDOWS\\System32\\GDI32.dll",
    "C:\\WINDOWS\\System32\\gdi32full.dll",
    "C:\\WINDOWS\\System32\\msvcp_win.dll",
    "C:\\WINDOWS\\System32\\PSAPI.DLL",
    "C:\\WINDOWS\\System32\\CRYPT32.dll",
    "C:\\WINDOWS\\SYSTEM32\\IPHLPAPI.DLL",
    "C:\\WINDOWS\\System32\\bcrypt.dll",
    "C:\\WINDOWS\\SYSTEM32\\USERENV.dll",
    "C:\\WINDOWS\\SYSTEM32\\WINMM.dll",
    "C:\\WINDOWS\\System32\\IMM32.DLL",
    "C:\\WINDOWS\\SYSTEM32\\powrprof.dll",
    "C:\\WINDOWS\\SYSTEM32\\UMPDC.dll",
    "C:\\WINDOWS\\SYSTEM32\\CRYPTBASE.DLL",
    "C:\\WINDOWS\\system32\\uxtheme.dll",
    "C:\\WINDOWS\\System32\\combase.dll",
    "C:\\WINDOWS\\system32\\mswsock.dll",
    "C:\\WINDOWS\\SYSTEM32\\kernel.appcore.dll",
    "C:\\WINDOWS\\System32\\bcryptprimitives.dll",
    "C:\\WINDOWS\\System32\\NSI.dll",
    "C:\\WINDOWS\\SYSTEM32\\dhcpcsvc6.DLL",
    "C:\\WINDOWS\\SYSTEM32\\dhcpcsvc.DLL",
    "C:\\WINDOWS\\SYSTEM32\\DNSAPI.dll",
    "C:\\WINDOWS\\system32\\napinsp.dll",
    "C:\\WINDOWS\\system32\\pnrpnsp.dll",
    "C:\\WINDOWS\\system32\\wshbth.dll",
    "C:\\WINDOWS\\system32\\NLAapi.dll",
    "C:\\WINDOWS\\System32\\winrnr.dll"
  ]
}